{
  "summary_statistics": {
    "Baseline Instance 1": {
      "n_runs": 200,
      "successful_runs": 200,
      "failed_runs": 0,
      "success_rate": 1.0,
      "accuracy": {
        "mean": 0.9402474769949913,
        "std": 0.0011997030961699994,
        "median": 0.9402999877929688,
        "min": 0.9366999864578247,
        "max": 0.9429000020027161,
        "range": 0.006200015544891357,
        "cv": 0.001275943967437405,
        "percentiles": {
          "p25": 0.9393999576568604,
          "p50": 0.9402999877929688,
          "p75": 0.9410249888896942,
          "p90": 0.9416999816894531,
          "p95": 0.9420049726963043,
          "p99": 0.9426999688148499
        },
        "confidence_intervals": {
          "ci_95": [
            0.9400801923334244,
            0.9404147616565582
          ],
          "ci_99": [
            0.940026849773857,
            0.9404681042161257
          ]
        }
      },
      "time": {
        "mean": 4.485093277692795,
        "std": 0.03350276089801787,
        "median": 4.498578667640686,
        "min": 4.346218585968018,
        "max": 4.516196250915527,
        "range": 0.16997766494750977,
        "cv": 0.0074698024820683846,
        "percentiles": {
          "p25": 4.49470180273056,
          "p50": 4.498578667640686,
          "p75": 4.500745177268982,
          "p90": 4.503091502189636,
          "p95": 4.504932570457458,
          "p99": 4.508271143436432
        },
        "confidence_intervals": {
          "ci_95": [
            4.4804217068380785,
            4.4897648485475115
          ],
          "ci_99": [
            4.478932069089721,
            4.491254486295869
          ]
        }
      }
    },
    "Baseline Instance 2": {
      "n_runs": 200,
      "successful_runs": 200,
      "failed_runs": 0,
      "success_rate": 1.0,
      "accuracy": {
        "mean": 0.9403189739584923,
        "std": 0.0012107716208786758,
        "median": 0.9401999711990356,
        "min": 0.9364999532699585,
        "max": 0.9437999725341797,
        "range": 0.007300019264221191,
        "cv": 0.001287617983269709,
        "percentiles": {
          "p25": 0.9394999742507935,
          "p50": 0.9401999711990356,
          "p75": 0.941100001335144,
          "p90": 0.9417999982833862,
          "p95": 0.9423049628734589,
          "p99": 0.9434039658308029
        },
        "confidence_intervals": {
          "ci_95": [
            0.9401501459197217,
            0.9404878019972629
          ],
          "ci_99": [
            0.9400963112188565,
            0.9405416366981281
          ]
        }
      },
      "time": {
        "mean": 5.855254887342453,
        "std": 0.07689792474299467,
        "median": 5.889709115028381,
        "min": 5.590015411376953,
        "max": 6.0105109214782715,
        "range": 0.42049551010131836,
        "cv": 0.013133147270706882,
        "percentiles": {
          "p25": 5.802443087100983,
          "p50": 5.889709115028381,
          "p75": 5.902036905288696,
          "p90": 5.9112420082092285,
          "p95": 5.994255816936493,
          "p99": 6.005629196166992
        },
        "confidence_intervals": {
          "ci_95": [
            5.844532364947626,
            5.8659774097372805
          ],
          "ci_99": [
            5.841113242212749,
            5.869396532472157
          ]
        }
      }
    },
    "Modified Instance 1": {
      "n_runs": 1000,
      "successful_runs": 1000,
      "failed_runs": 0,
      "success_rate": 1.0,
      "accuracy": {
        "mean": 0.9396424751877784,
        "std": 0.0012786316978400465,
        "median": 0.9395999908447266,
        "min": 0.9355999827384949,
        "max": 0.944599986076355,
        "range": 0.009000003337860107,
        "cv": 0.0013607640476070693,
        "percentiles": {
          "p25": 0.9387999773025513,
          "p50": 0.9395999908447266,
          "p75": 0.9404999613761902,
          "p90": 0.9412999749183655,
          "p95": 0.9416999816894531,
          "p99": 0.9426999688148499
        },
        "confidence_intervals": {
          "ci_95": [
            0.9395631300997175,
            0.9397218202758394
          ],
          "ci_99": [
            0.9395381250505884,
            0.9397468253249684
          ]
        }
      },
      "time": {
        "mean": 4.399826276779175,
        "std": 0.007382179532039186,
        "median": 4.398693680763245,
        "min": 4.377965927124023,
        "max": 4.524481534957886,
        "range": 0.1465156078338623,
        "cv": 0.0016778343206412226,
        "percentiles": {
          "p25": 4.396029055118561,
          "p50": 4.398693680763245,
          "p75": 4.401973724365234,
          "p90": 4.407018160820007,
          "p95": 4.410065758228302,
          "p99": 4.4158356523513795
        },
        "confidence_intervals": {
          "ci_95": [
            4.399368177948964,
            4.4002843756093855
          ],
          "ci_99": [
            4.39922381130907,
            4.40042874224928
          ]
        }
      }
    },
    "Modified Instance 2": {
      "n_runs": 1000,
      "successful_runs": 1000,
      "failed_runs": 0,
      "success_rate": 1.0,
      "accuracy": {
        "mean": 0.9397176759243011,
        "std": 0.0012558010725060285,
        "median": 0.9396999478340149,
        "min": 0.9355999827384949,
        "max": 0.9441999793052673,
        "range": 0.008599996566772461,
        "cv": 0.0013363599564846214,
        "percentiles": {
          "p25": 0.9387999773025513,
          "p50": 0.9396999478340149,
          "p75": 0.9404999613761902,
          "p90": 0.9412999749183655,
          "p95": 0.9417999982833862,
          "p99": 0.942799985408783
        },
        "confidence_intervals": {
          "ci_95": [
            0.9396397475835183,
            0.9397956042650839
          ],
          "ci_99": [
            0.9396151890123774,
            0.9398201628362248
          ]
        }
      },
      "time": {
        "mean": 5.650896997451782,
        "std": 0.2014968437441635,
        "median": 5.700370669364929,
        "min": 4.874019145965576,
        "max": 6.077961683273315,
        "range": 1.2039425373077393,
        "cv": 0.03565749717877119,
        "percentiles": {
          "p25": 5.5655437707901,
          "p50": 5.700370669364929,
          "p75": 5.797539234161377,
          "p90": 5.818143630027771,
          "p95": 5.897713887691498,
          "p99": 5.914295842647553
        },
        "confidence_intervals": {
          "ci_95": [
            5.638393174155454,
            5.66340082074811
          ],
          "ci_99": [
            5.634452681763701,
            5.667341313139863
          ]
        }
      }
    },
    "Baseline Pooled": {
      "n_runs": 400,
      "successful_runs": 400,
      "failed_runs": 0,
      "success_rate": 1.0,
      "accuracy": {
        "mean": 0.9402832254767418,
        "std": 0.001204270818507429,
        "median": 0.9402999877929688,
        "min": 0.9364999532699585,
        "max": 0.9437999725341797,
        "range": 0.007300019264221191,
        "cv": 0.001280753272926719,
        "confidence_intervals": {
          "ci_95": [
            0.9401648500330526,
            0.940401600920431
          ],
          "ci_99": [
            0.9401273803587471,
            0.9404390705947365
          ]
        },
        "percentiles": {
          "p25": 0.9394999742507935,
          "p50": 0.9402999877929688,
          "p75": 0.941100001335144,
          "p90": 0.9417999982833862,
          "p95": 0.9422999620437622,
          "p99": 0.9429040014743805
        }
      },
      "time": {
        "mean": 5.170174082517624,
        "std": 0.6884918556685918,
        "median": 5.05310583114624,
        "min": 4.346218585968018,
        "max": 6.0105109214782715,
        "range": 1.664292335510254,
        "cv": 0.13316608777190916,